<?xml version="1.0" encoding="UTF-8"?>
<!DOCTYPE log4j:configuration SYSTEM "log4j.dtd">

<log4j:configuration xmlns:log4j="http://jakarta.apache.org/log4j/" debug="false">

	<!-- Console appender, good for debugging -->
    <appender name="CONSOLE" class="org.apache.log4j.ConsoleAppender">
		<param name="Target" value="System.out"/>
        <param name="Threshold" value="DEBUG"/>
        <layout class="org.apache.log4j.PatternLayout">
        	<param name="ConversionPattern" value="%d{ABSOLUTE} %-5p [%9t]-[%c.%M:%L] %m%n"/>
        </layout>
    </appender>
    
    <!-- Daily file appender is good for the daily record of what has been processed -->
    <appender name="FILEAPPENDER" class="org.apache.log4j.FileAppender">
        <param name="Threshold" value="INFO"/>
        <param name="File" value="PHMonitor.log"/>
        <param name="Append" value="true"/>
        <layout class="org.apache.log4j.PatternLayout">
        	<param name="ConversionPattern" value="%d{EEE} %d{DATE}: Unique id: n/a%n%m%n"/>
        </layout>
    </appender>
    
    <root>
		<priority value="INFO"/>
        <appender-ref ref="CONSOLE"/>
        <!-- <appender-ref ref="FILEAPPENDER"/> -->
    </root>

</log4j:configuration>