<?xml version="1.0" encoding="UTF-8"?>
<!DOCTYPE properties SYSTEM "http://java.sun.com/dtd/properties.dtd">
<properties>
	<entry key="interrogator">com.ubs.gfit.monocle.MonocleDatabaseInterrogator</entry>
	<entry key="delay">30000</entry>
	<entry key="monocle_url">http://monocle/iprod</entry>
	<!-- <entry key="overall_rag_url">http://nldn2054dap/physical/ph.php</entry>-->
    <!-- <entry key="overall_rag_url">http://monocle/beta1/physical/ph.php</entry> -->
    <!-- <entry key="overall_rag_url">http://localhost/physical/testph.php</entry> -->  
    
    <!-- Production monocle/iprod -->
    <entry key="overall_rag_url">http://monocle/iprod/physical/ph.php</entry>
    <!--  -->
</properties>